3;The;Bot
4;Homu;
7;Asutosh;Palai
9;Yehuda;Katz
13;Natalie;Weizenbaum
15;Joshua;Hull
18;André;Medeiros
20;Hemant;Kumar
23;Erick;Sasse
27;Santiago;Pastorino
29;Pablo;Carranza
32;Rohit;Arondekar
34;Stephanie;Morillo
36;Nick;LaMuro
38;Adam;Wanninger
42;Kamil;Kieliszczyk
43;Stefan;Lance
47;Fabien;Franzen
49;Ryan;Hosford
51;Joel;Moss
53;Matijs;Zuijlen
56;Kir;Shatrov
59;David;Kellum
61;Vít;Ondruch
62;Rafael;França
65;Yves;Senn
67;Ryuta;Kamizono
70;Kasper;Hansen
72;Pratik;
74;Andrew;White
77;Yuji;Yaginuma
79;Eileen;Uchitelle
82;Emilio;Tagua
84;Jon;Moss
86;Arun;Agrawal
89;Godfrey;Chan
91;Robin;Dupret
94;George;Claghorn
97;Yuichiro;Kaneko
100;Prem;Sichanugrist
104;Frederick;Cheung
107;Oscar;Ben
108;Sergey;Nartimov
111;Guo;Tan
114;Bogdan;Gusiev
117;Jaime;Iniesta
119;Mehmet;İNAÇ
122;John;Wang
123;Aditya;Kapoor
125;Gonçalo;Silva
130;Vasiliy;Ermolovich
132;;
134;Tarmo;Tänav
136;Cássio;Marques
139;Thomas;Fuchs
141;Paul;Keen
143;Ben;Woosley
146;Nick;Sieger
148;Ryan;Dahl
151;Rich;Trott
153;Bert;Belder
154;Anna;Henningsen
157;Colin;Ihrig
160;mscdex;
163;Michaël;Zasso
164;Vse;Byt
168;Koichi;Kobayashi
169;Jeremiah;Senkpiel
173;Sakthipriyan;Vairamani
175;Felix;Geisendörfer
178;Andreas;Madsen
180;Refael;Ackermann
184;Alexis;Campailla
185;Gibson;Fahnestock
188;Luigi;Pinca
191;Yazhong;Liu
192;Bartosz;Sosnowski
195;Julien;Gilli
197;Adrián;Estrada
199;Em;Smith
202;Bryan;English
205;Tristian;Flanagan
208;Tom;Hughes
210;Gus;Caplan
214;David;Benjamin
216;Yuta;Hiroto
219;Trivikram;Kamat
222;Karl;Skomski
223;Stefan;Budeanu
225;Henry;Rawas
229;Benjamin;Gruenbaum
231;Italo;Casas
234;Peter;Griess
237;Yang;Guo
240;Matt;Ranney
242;Alex;Kocharin
243;Bradley;Meck
245;David;Pacheco
247;John;Resig
250;Jörn;Zaefferer
254;Brandon;Aaron
257;Mike;Sherov
258;Colin;Snover
262;Anton;M.
263;Scott;González
266;Jason;Bedard
268;Carl;Fürstenberg
271;Jordan;Boesch
273;Elijah;Manor
275;Brian;Anderson
278;Patrick;Walton
281;Tim;Chevalier
283;Eduard-Mihai;Burtescu
286;;
287;Felix;II
289;Huon;Wilson
292;Erick;Tryzelaar
293;Ariel;Ben-Yehuda
295;Mark;Simulacrum
297;Vadim;Petrochenkov
299;Eric;Holk
303;Steven;Fackler
304;Ralf;Jung
306;John;Clements
309;Lindsey;Kuper
311;Seo;Sanghyeon
313;Björn;Steinbrink
316;Jeff;Olson
317;Oliver;Schneider
319;;
321;Andrew;Paseltiner
323;Paul;Stansifer
325;Tobias;Bucher
326;Vadim;Chugunov
328;Oliver;Middleton
331;Marvin;Löbel
333;varkor;
336;Jed;Davis
338;Tim;Neumann
339;klutzy;
342;Roy;Frostig
344;Zack;Davis
346;Brian;Koropoff
347;Florian;Hahn
349;;
351;Gauri;Kholkar
352;;
354;Robin;Kruppe
356;Barosl;Lee
359;Who?;Me?!
360;;
361;Rewi;Haar
365;Wesley;Wiser
366;Ben;Striegel
368;Leonardo;Yvens
369;Taylor;Cramer
371;Zack;Corr
373;;
376;Shubheksha;
1;André;Arko
2;Samuel;Giddins
5;Terence;Lee
6;José;Valim
8;Colby;Swandale
10;James;Wen
11;Smit;Shah
12;Tim;Moore
14;Erik;Berlin
384;;
385;Alistair;Brown
387;Jan;Potoms
390;Johannes;Ewald
392;Kyle;Truong
394;Einar;Löve
396;Even;Stensberg
400;Scott;
401;Ma;Cheng
403;Joe;Bottigliero
406;Stefan;Penner
410;Erik;Bryn
411;Martin;Muñoz
414;Chad;Hietala
417;Edward;Faulkner
419;Tom;Dale
421;Majd;Taby
424;Luke;Melia
426;Stanley;Stuart
428;Jo;Liss
431;Steven;
433;David;Hamilton
435;;
436;Justin;Brown
439;Paul;Chavard
441;Mitch;Lloyd
443;Katie;Gengler
446;Todd;Jordan
447;Kelly;Selden
450;Alex;Speller
452;Bradley;Priest
455;Brian;Donovan
458;Sylvain;MINA
459;Sean;Doyle
461;Ray;Cohen
463;Cory;Forsyth
466;;
467;Christian;Wesselhoeft
470;Ruslan;Grabovoy
471;Brad;Fol
475;Jakub;Arnold
477;Scott;Newcomer
479;Robin;Ward
480;;
16;boggs;
17;chrismo;
19;Victor;Koronen
21;Agis;Anastasopoulos
22;Dennis;Suratna
24;Jeremy;Daer
25;SHIBATA;Hiroshi
26;Ryan;Bigg
28;Aaron;Patterson
30;Patrick;Metcalfe
31;Koichi;ITO
33;Josh;Kalderimis
35;Kohei;Suzuki
37;Juanito;Fatas
39;Myron;Marston
40;Grey;Baker
41;James;Herdman
44;Patricia;Arbona
45;Zachary;Scott
46;Shekhar;Rajak
48;Mislav;Marohnić
50;Akira;Matsuda
52;Markus;Wein
54;Xavier;Shay
55;Zehan;Zhao
57;Nikita;Esaulov
58;James;Tucker
60;Luis;Lavena
63;David;Hansson
64;Xavier;Noria
66;Carlos;Silva
68;Sean;Griffin
69;Joshua;Peek
71;Vijay;Dev
73;Jon;Leighton
75;Guillermo;Iguaran
76;Matthew;Draper
78;Michael;Koziarski
80;Vipul;M
81;Piotr;Sarnacki
83;प्रथमेश;Sonpatki
85;risk;olson
156;Trevor;Norris
87;Richard;Schneeman
88;Arthur;Neves
90;Jamis;Buck
92;Claudio;B.
93;Mike;Gunderloy
95;Mikel;Lindsaar
96;Toshinori;Kajihara
98;Nicholas;Seckar
99;Steve;Klabnik
101;Abdelkader;Boudih
102;Łukasz;Strzałkowski
103;Bogdan;
105;Sebastian;Martinez
106;yhirano55;
109;Geoff;Buesing
110;Yasuo;Honda
112;Javan;Makhmali
113;Alexey;Vakhov
115;Sam;Stephenson
116;Hongli;Lai
118;Vishnu;Atrai
120;Rizwan;Reza
121;Jason;Noble
124;Kuldeep;Aggarwal
126;Leon;Breedt
127;Genadi;Samokovarov
128;Damien;Mathieu
129;Gaurish;Sharma
131;Jon;Atack
133;Marc-André;Lafortune
135;Cristian;Bica
137;Raimonds;Simanovskis
138;Daniel;Schierbeck
140;Amit;Suroliya
142;Ronak;Jangir
144;Gaurav;Sharma
145;Roberto;Miranda
147;Mikhail;Dieterle
149;Ben;Noordhuis
150;isaacs;
152;Fedor;Indutny
155;James;Snell
158;Timothy;Fontaine
159;Rod;Vagg
161;Daniel;Bevenius
162;Ruben;Bridgewater
165;Joyee;Cheung
166;Nathan;Rajlich
167;Myles;Borins
170;Evan;Lucas
171;Sam;Roberts
172;Anatoli;Papirovski
174;Timothy;Gu
176;Ali;Sheikh
177;Michael;Dawson
179;Tobias;Nießen
181;;
182;Santiago;Gimeno
183;Johan;Bergström
186;Eugene;Ostroukhov
187;Jackson;Tian
189;Maciej;Małecki
190;Matteo;Collina
193;F.;Hinkelmann
194;Daijiro;Wachi
196;Nikolai;Vavilov
198;Vladimir;Kurchatkin
200;Steven;Loomis
201;João;Reis
203;Chris;Dickinson
204;Brendan;Ashworth
206;Kat;Marchán
207;Matthew;Loring
209;Сковорода;Андреевич
211;Saúl;Corretgé
212;Gabriel;Schulhof
213;Weijia;Wang
215;Mikeal;Rogers
217;Josh;Gavant
218;Yosuke;Furukawa
220;Forrest;Norvell
221;Jérémy;Lal
224;Alexey;Orlenko
226;Kyle;Young
227;Paul;Querna
228;Tim;Caswell
230;Claudio;Rodriguez
232;Shingo;Inoue
233;Mithun;Sasidharan
235;Lance;Ball
236;Ujjwal;Sharma
238;Khaidi;Chu
239;Mathias;Bynens
241;Prince;Wesley
244;Calvin;Metcalf
246;David;Cai
248;Timmy;Willison
249;Dave;Methvin
251;Rick;Waldron
252;Oleg;Gaidarenko
253;Richard;Gibson
255;Michał;Gołębiowski-Owczarek
256;Ariel;Flesler
259;;
260;Mx;Frang
261;Louis-Rémi;Babé
264;Timo;Tijhof
265;Robert;Katić
267;Dan;Heberden
269;Ben;Alman
270;Karl;Swedberg
272;Mike;Alsup
274;bors;
276;Alex;Crichton
277;Niko;Matsakis
279;Graydon;Hoare
280;Manish;Goregaokar
282;Guillaume;Gomez
284;Corey;Farwell
285;Marijn;Haverbeke
288;Jeffrey;Seyfried
290;Michael;Woerister
291;Daniel;Micay
294;Nick;Cameron
296;Scott;Olson
298;Michael;Sullivan
300;Corey;Richardson
301;Jonathan;Turner
302;Ben;Blum
305;Luqman;Aden
307;Simonas;Kazlauskas
308;Esteban;Kuber
310;Tshepang;Lekhonkhobe
312;Aaron;Turon
314;bluss;
315;Kevin;Ballard
318;Alexis;Beingessner
320;Brendan;Zabarauskas
322;Flavio;Percoco
324;Alex;Burka
327;;
329;Andrew;Cann
330;Keegan;McAllister
332;richö;butts
334;QuietMisdreavus;
335;Kevin;Cantú
337;Tamir;Duberstein
340;Josh;Stone
341;Adolfo;Ochagavía
343;Jeremy;Soller
345;Matt;Brubeck
348;Jonas;Schievink
350;Haitao;Li
353;Michael;Bebenita
355;Chris;Morgan
357;;
358;;
362;Sebastien;Marie
363;Carol;Goulding)
364;David;Wood
367;Jared;Roesch
370;Piotr;Czarnecki
372;Tobias;Koppers
374;Sean;Larkin
375;Florent;Cailhol
377;Mohsen;Azimi
378;Josh;Soref
379;Eugene;Hlushko
380;Will;Mendes
462;Sebastian;Seilund
381;Sendil;N
382;Diogo;Franco
383;Kees;Kluskens
386;Gajus;Kuizinas
388;Kenny;Tran
389;Sergey;
391;Avi;Haiat
393;Ryan;Harvey
395;Carlos;Cuatin
397;Landon;Crapo
398;kingdaro;
399;Esben;Petersen
402;Michael;Ciniawsky
404;;
405;Robert;Jackson
407;Peter;Wagenet
408;Kris;Selden
409;Matthew;Beale
412;bek;
413;Alex;Matchneer
415;Trek;Glowacki
416;Ricardo;Mendes
418;Ryunosuke;Sato
420;Alex;Navasardyan
422;Tobias;Bieniek
423;Dan;Gebhardt
425;Miguel;Camba
427;Teddy;Zeenny
429;Sergio;Arbeo
430;Clemens;M�ller
432;Gavin;Joyce
434;Ilya;Radchenko
437;Brendan;McLoughlin
438;Jay;Phelps
440;Travis;Hoover
442;Doug;Yun
444;Marten;
445;Eric;Kelly
448;Jonathan;
449;Asa;Kusuma
451;Artem;Gurzhii
453;Joshua;Borton
454;Ray;Tiley
456;Eric;Schank
457;Nathan;Hammond
460;Zachary;Mulgrew
464;Gordon;Hempton
465;Steven;Lindberg
468;Gaurav;Munjal
469;Marcio;Junior
472;Wesley;Workman
473;Garth;Poitras
474;Steve;Calvert
476;Yoran;Brondsema
478;Johannes;Würbach
